{"cameraMode":{"drawMode":0,"name":"Shaded","section":"Shading Mode"},"sceneLighting":true,"audioPlay":false,"sceneViewState":{"showFog":true,"showMaterialUpdate":false,"showSkybox":true,"showFlares":true,"showImageEffects":true,"showParticleSystems":true,"showVisualEffectGraphs":true,"m_FxEnabled":true},"in2DMode":false,"pivot":{"x":15.297884941101075,"y":2.4574368000030519,"z":12.151810646057129},"rotation":{"x":-0.019774582237005235,"y":0.9671713709831238,"z":-0.24067918956279756,"w":-0.07937590777873993},"size":4.32763147354126,"orthographic":false}